Title,Rating,Meta_Score
The Godfather,9.2,100        
Schindler's List,8.9,93        
12 Angry Men,8.9,96        
La vita è bella,8.6,59        
"Il buono, il brutto, il cattivo",8.8,90        
The Shawshank Redemption,9.3,80        
The Pursuit of Happyness,8,64        
Shichinin no samurai,8.7,98        
The Intouchables,8.5,57        
Central do Brasil,8,80        
Requiem for a Dream,8.3,68        
A Beautiful Mind,8.2,72        
Hachi: A Dog's Tale,8.1,0
Taken,7.8,51        
Yeopgijeogin geunyeo,8.1,0
Amores perros,8.1,83        
The Shining,8.4,66        
Apocalypto,7.8,68        
Gladiator,8.5,67        
Cast Away,7.8,73        
The Dark Knight,9,84        
The Pianist,8.5,85        
Titanic,7.8,75        
Bin-jip,8,72        
Braveheart,8.3,68        
It's a Wonderful Life,8.6,89        
Bom yeoreum gaeul gyeoul geurigo bom,8.1,85        
Alien,8.5,89        
Salinui chueok,8.1,82        
Vozvrashchenie,8,82        
Ang-ma-reul bo-at-da,7.8,67        
Bacheha-Ye aseman,8.3,0
Jodaeiye Nader az Simin,8.3,95        
The Sixth Sense,8.1,64        
Nae meorisokui jiwoogae,8.2,0
Okuribito,8.1,68        
Wo de fu qin mu qin,7.8,71        
Saving Private Ryan,8.6,91        
The Bridge on the River Kwai,8.2,87        
Ben-Hur,8.1,90        
The Exorcist,8,82        
El secreto de sus ojos,8.2,80        
Léon,8.6,64        
The Green Mile,8.6,61        
Gran Torino,8.1,72        
Kill Bill: Vol. 1,8.1,69        
Jurassic Park,8.1,68        
Terminator 2: Judgment Day,8.5,75        
Back to the Future,8.5,87        
Finding Nemo,8.1,90        
